{
  "num_points": 193345,
  "bbox_min": [
    -7.082425117492676,
    -2.4657866954803467,
    -0.7412868738174438
  ],
  "bbox_max": [
    13.376470565795898,
    14.159502983093262,
    14.332250595092773
  ],
  "center": [
    3.1470227241516113,
    5.846858024597168,
    6.7954816818237305
  ],
  "extent": 30.367387771606445
}